fig|1358.57.peg.233",blt
fig|1358.57.peg.222",azoR1
fig|1358.57.peg.2276",pi301
fig|1358.57.peg.638",yidC1
fig|1358.57.peg.736",nadD1
fig|1358.57.peg.759",glpF1
fig|1358.57.peg.760",pepDA
fig|1358.57.peg.776",ycgAB
fig|1358.57.peg.791",ecfA1
fig|1358.57.peg.793",ecfA2
fig|1358.57.peg.817",glpF1
fig|1358.57.peg.834",murA2
fig|1358.57.peg.872",pbp2B
fig|1358.57.peg.911",azoR2
fig|1358.57.peg.916",pbp1B
fig|1358.57.peg.92",trePP
fig|1358.57.peg.135",spxA1
fig|1358.57.peg.138",murA1
fig|1358.57.peg.1450",yidC2
fig|1358.57.peg.1470",pi339
fig|1358.57.peg.1531",ftsW1
fig|1358.57.peg.2237",mobC2
fig|1358.57.peg.2239",repX2
fig|1358.57.peg.409",ps201
fig|1358.57.peg.956",fabG1
fig|1358.57.peg.959",fabZ2
fig|1358.57.peg.971",metB2
fig|1358.57.peg.625",pnuC1
fig|1358.57.peg.2447",pnuC2
fig|1358.57.peg.2455",ftsW2
fig|1358.57.peg.2140",tagD2
fig|1358.57.peg.2155",trxB1
fig|1358.57.peg.269",comFA
fig|1358.57.peg.270",comFA
fig|1358.57.peg.319",ylfEG
fig|1358.57.peg.332",folKE
fig|1358.57.peg.348",yliC2
fig|1358.57.peg.2559",trmFO
fig|1358.57.peg.553",glpF2
fig|1358.57.peg.611",pepPQ
fig|1358.57.peg.1917",pyrDB
fig|1358.57.peg.1577",pi301
fig|1358.57.peg.6",pi360
fig|1358.57.peg.28",busAB
fig|1358.57.peg.29",opuAA
fig|1358.57.peg.68",ypcCD
fig|1358.57.peg.1150",pyrDA
fig|1358.57.peg.1151",msrA1
fig|1358.57.peg.1158",pepDB
fig|1358.57.peg.1183",csc2D
fig|1358.57.peg.1187",divIB
fig|1358.57.peg.1196",rpmE2
fig|1358.57.peg.1199",pi301
fig|1358.57.peg.1250",mutS2
fig|1358.57.peg.1252",trxB2
fig|1358.57.peg.1301",arcC3
fig|1358.57.peg.1310",ptnAB
fig|1358.57.peg.1387",comEC
fig|1358.57.peg.1388",comEA
fig|1358.57.peg.1401",fabG2
fig|1358.57.peg.1704",ps459
fig|1358.57.peg.1706",pi312
fig|1358.57.peg.1707",pi313
fig|1358.57.peg.1708",pi314
fig|1358.57.peg.1710",pi316
fig|1358.57.peg.1711",pi317
fig|1358.57.peg.1714",pi320
fig|1358.57.peg.1715",pi321
fig|1358.57.peg.1716",pi322
fig|1358.57.peg.1717",pi323
fig|1358.57.peg.1718",pi324
fig|1358.57.peg.1720",pi326
fig|1358.57.peg.1722",pi328
fig|1358.57.peg.1723",pi131
fig|1358.57.peg.1732",pi221
fig|1358.57.peg.1738",pi343
fig|1358.57.peg.1739",pi215
fig|1358.57.peg.1744",pi350
fig|1358.57.peg.1749",pi108
fig|1358.57.peg.1754",ps404
fig|1358.57.peg.1755",pi203
fig|1358.57.peg.1756",ps402
fig|1358.57.peg.1757",ps401
fig|1358.57.peg.1775",birA2
fig|1358.57.peg.2300",metB1
fig|1358.57.peg.2379",msrA2
fig|1358.57.peg.2386",ackA2
fig|1358.57.peg.2387",ackA1
fig|1358.57.peg.2404",arcD2
fig|1358.57.peg.2406",arcC2
fig|1358.57.peg.2407",arcC1
fig|1358.57.peg.2408",arcD1
fig|1358.57.peg.1957",ps356
fig|1358.57.peg.1959",ps459
fig|1358.57.peg.1962",pi245
fig|1358.57.peg.1963",pi244
fig|1358.57.peg.1965",pi314
fig|1358.57.peg.1983",pi131
fig|1358.57.peg.1988",pi221
fig|1358.57.peg.1989",pi220
fig|1358.57.peg.1994",pi113
fig|1358.57.peg.2042",pbp2A
fig|1358.57.peg.2052",comGF
fig|1358.57.peg.2053",comGE
fig|1358.57.peg.2054",comGD
fig|1358.57.peg.2055",comGC
fig|1358.57.peg.2056",comGB
fig|1358.57.peg.2057",comGA
fig|1358.57.peg.2058",comGA
fig|1358.57.peg.2069",ywaCD
fig|1358.57.peg.1123",usp45
fig|1358.57.peg.1792",repB1
fig|1358.57.peg.2234",mobC1
fig|1358.57.peg.573",thiD1
fig|1358.57.peg.1395",birA1
fig|1358.57.peg.1712",pi318
fig|1358.57.peg.1713",pi319
fig|1358.57.peg.1721",pi327
fig|1358.57.peg.2579",ps122
fig|1358.57.peg.144",dnaA
fig|1358.57.peg.145",dnaN
fig|1358.57.peg.146",rexB
fig|1358.57.peg.147",rexA
fig|1358.57.peg.149",yabA
fig|1358.57.peg.150",yyaL
fig|1358.57.peg.151",yabB
fig|1358.57.peg.154",yabF
fig|1358.57.peg.157",yacI
fig|1358.57.peg.158",yacB
fig|1358.57.peg.159",yacC
fig|1358.57.peg.160",yacD
fig|1358.57.peg.161",yacG
fig|1358.57.peg.162",tilS
fig|1358.57.peg.164",ftsH
fig|1358.57.peg.165",mtlA
fig|1358.57.peg.166",mtlR
fig|1358.57.peg.168",mtlD
fig|1358.57.peg.169",yafE
fig|1358.57.peg.170",yafF
fig|1358.57.peg.171",yafB
fig|1358.57.peg.172",yafC
fig|1358.57.peg.173",araT
fig|1358.57.peg.174",recO
fig|1358.57.peg.176",pdhD
fig|1358.57.peg.177",pdhC
fig|1358.57.peg.178",pdhB
fig|1358.57.peg.179",pdhA
fig|1358.57.peg.180",lplL
fig|1358.57.peg.181",yagA
fig|1358.57.peg.182",yagB
fig|1358.57.peg.183",trpS
fig|1358.57.peg.185",osmC
fig|1358.57.peg.186",yagE
fig|1358.57.peg.187",plsX
fig|1358.57.peg.188",yahA
fig|1358.57.peg.189",yahG
fig|1358.57.peg.193",cysD
fig|1358.57.peg.194",yahI
fig|1358.57.peg.195",yahB
fig|1358.57.peg.197",yahD
fig|1358.57.peg.198",yaiA
fig|1358.57.peg.199",yaiB
fig|1358.57.peg.202",cadA
fig|1358.57.peg.204",cshA
fig|1358.57.peg.205",ybaH
fig|1358.57.peg.207",ybaB
fig|1358.57.peg.208",ybaC
fig|1358.57.peg.209",ybaD
fig|1358.57.peg.210",prmA
fig|1358.57.peg.211",ybaF
fig|1358.57.peg.212",ybaG
fig|1358.57.peg.213",relA
fig|1358.57.peg.214",ybaI
fig|1358.57.peg.216",ybbB
fig|1358.57.peg.218",ybbC
fig|1358.57.peg.219",ctrA
fig|1358.57.peg.220",ybbE
fig|1358.57.peg.221",rmaD
fig|1358.57.peg.223",secA
fig|1358.57.peg.224",aroF
fig|1358.57.peg.225",ptsH
fig|1358.57.peg.226",ptsI
fig|1358.57.peg.228",ybcG
fig|1358.57.peg.229",ybcH
fig|1358.57.peg.232",sugE
fig|1358.57.peg.234",ybaI
fig|1358.57.peg.389",flpB
fig|1358.57.peg.390",dpsB
fig|1358.57.peg.392",yuiA
fig|1358.57.peg.393",yajH
fig|1358.57.peg.405",ypbB
fig|1358.57.peg.1587",ygcE
fig|1358.57.peg.1597",prtP
fig|1358.57.peg.1598",prsA
fig|1358.57.peg.1603",dacA
fig|1358.57.peg.1604",yxfA
fig|1358.57.peg.2244",ypbB
fig|1358.57.peg.2280",ardA
fig|1358.57.peg.2283",argG
fig|1358.57.peg.2284",argH
fig|1358.57.peg.2285",pmrB
fig|1358.57.peg.637",rnpA
fig|1358.57.peg.639",ybdD
fig|1358.57.peg.641",ybdE
fig|1358.57.peg.642",ybdG
fig|1358.57.peg.645",ybdJ
fig|1358.57.peg.646",ybeA
fig|1358.57.peg.647",ybeB
fig|1358.57.peg.648",ybeC
fig|1358.57.peg.649",ybeH
fig|1358.57.peg.651",ybeI
fig|1358.57.peg.652",dltE
fig|1358.57.peg.654",glgB
fig|1358.57.peg.655",ybeM
fig|1358.57.peg.656",ybeF
fig|1358.57.peg.657",yqbI
fig|1358.57.peg.662",ybfA
fig|1358.57.peg.663",ybfD
fig|1358.57.peg.664",ybfE
fig|1358.57.peg.665",ybfB
fig|1358.57.peg.668",ybgB
fig|1358.57.peg.669",aspC
fig|1358.57.peg.670",codY
fig|1358.57.peg.673",gatC
fig|1358.57.peg.674",gatA
fig|1358.57.peg.675",ybgD
fig|1358.57.peg.676",gatB
fig|1358.57.peg.677",ybgE
fig|1358.57.peg.678",dinF
fig|1358.57.peg.680",ybhA
fig|1358.57.peg.682",ybhC
fig|1358.57.peg.684",ybhE
fig|1358.57.peg.685",celB
fig|1358.57.peg.690",ybiB
fig|1358.57.peg.691",ybiC
fig|1358.57.peg.692",rlmN
fig|1358.57.peg.693",ybiE
fig|1358.57.peg.694",preA
fig|1358.57.peg.696",ybiH
fig|1358.57.peg.698",feoB
fig|1358.57.peg.699",feoA
fig|1358.57.peg.700",msrB
fig|1358.57.peg.701",ybjJ
fig|1358.57.peg.702",ybjK
fig|1358.57.peg.704",ybjB
fig|1358.57.peg.705",rmlA
fig|1358.57.peg.706",ybjD
fig|1358.57.peg.707",cpsM
fig|1358.57.peg.708",ybjF
fig|1358.57.peg.710",rmlB
fig|1358.57.peg.711",rmlC
fig|1358.57.peg.713",rgpA
fig|1358.57.peg.714",rgpB
fig|1358.57.peg.715",rgpC
fig|1358.57.peg.716",rgpD
fig|1358.57.peg.720",ycbB
fig|1358.57.peg.730",yccB
fig|1358.57.peg.732",yqeL
fig|1358.57.peg.733",yccE
fig|1358.57.peg.734",hflX
fig|1358.57.peg.735",yccF
fig|1358.57.peg.737",yccH
fig|1358.57.peg.738",yccI
fig|1358.57.peg.739",yccJ
fig|1358.57.peg.740",yccK
fig|1358.57.peg.741",yccL
fig|1358.57.peg.742",ycdA
fig|1358.57.peg.743",ycdB
fig|1358.57.peg.744",ycdC
fig|1358.57.peg.746",ycdE
fig|1358.57.peg.749",ycdH
fig|1358.57.peg.750",rmeC
fig|1358.57.peg.752",yceE
fig|1358.57.peg.754",dhaQ
fig|1358.57.peg.755",dhaS
fig|1358.57.peg.756",dhaK
fig|1358.57.peg.757",dhaL
fig|1358.57.peg.758",dhaM
fig|1358.57.peg.761",ycfB
fig|1358.57.peg.762",ycfC
fig|1358.57.peg.770",ycfD
fig|1358.57.peg.772",ycfF
fig|1358.57.peg.773",nnrD
fig|1358.57.peg.774",ycfH
fig|1358.57.peg.775",ycfI
fig|1358.57.peg.777",ycgC
fig|1358.57.peg.778",ycgD
fig|1358.57.peg.780",luxS
fig|1358.57.peg.781",ycgF
fig|1358.57.peg.782",ycgG
fig|1358.57.peg.783",ycgH
fig|1358.57.peg.784",ycgI
fig|1358.57.peg.785",ycgJ
fig|1358.57.peg.786",acmA
fig|1358.57.peg.787",nrdD
fig|1358.57.peg.788",nrdG
fig|1358.57.peg.789",ychC
fig|1358.57.peg.790",eno2
fig|1358.57.peg.794",ychF
fig|1358.57.peg.795",ychG
fig|1358.57.peg.797",dapH
fig|1358.57.peg.798",yciA
fig|1358.57.peg.799",xynD
fig|1358.57.peg.801",rpsD
fig|1358.57.peg.802",yciC
fig|1358.57.peg.803",yciD
fig|1358.57.peg.806",yciH
fig|1358.57.peg.809",ycjB
fig|1358.57.peg.810",ycjC
fig|1358.57.peg.811",ycjD
fig|1358.57.peg.812",tsaD
fig|1358.57.peg.815",ptcC
fig|1358.57.peg.818",ycjH
fig|1358.57.peg.819",ycjI
fig|1358.57.peg.820",phnC
fig|1358.57.peg.821",phnB
fig|1358.57.peg.822",phnE
fig|1358.57.peg.823",ycjM
fig|1358.57.peg.826",pepN
fig|1358.57.peg.827",napC
fig|1358.57.peg.829",napB
fig|1358.57.peg.830",ydaE
fig|1358.57.peg.831",ydaF
fig|1358.57.peg.832",ydaG
fig|1358.57.peg.833",ydbA
fig|1358.57.peg.845",ydbD
fig|1358.57.peg.846",ydbE
fig|1358.57.peg.847",ydbF
fig|1358.57.peg.848",ydbH
fig|1358.57.peg.849",plpA
fig|1358.57.peg.850",plpB
fig|1358.57.peg.851",plpC
fig|1358.57.peg.852",plpD
fig|1358.57.peg.853",metN
fig|1358.57.peg.854",ydcC
fig|1358.57.peg.855",ydcD
fig|1358.57.peg.856",ydcE
fig|1358.57.peg.857",ydcF
fig|1358.57.peg.858",ydcG
fig|1358.57.peg.859",fhuC
fig|1358.57.peg.860",fhuB
fig|1358.57.peg.861",fhuG
fig|1358.57.peg.862",fhuD
fig|1358.57.peg.863",fhuR
fig|1358.57.peg.864",yddA
fig|1358.57.peg.865",yddB
fig|1358.57.peg.866",yddC
fig|1358.57.peg.867",yddD
fig|1358.57.peg.868",gpmA
fig|1358.57.peg.869",ahpC
fig|1358.57.peg.870",ahpF
fig|1358.57.peg.873",recR
fig|1358.57.peg.875",murF
fig|1358.57.peg.876",optS
fig|1358.57.peg.877",optA
fig|1358.57.peg.878",optB
fig|1358.57.peg.879",optC
fig|1358.57.peg.881",optF
fig|1358.57.peg.882",prfC
fig|1358.57.peg.883",rheA
fig|1358.57.peg.886",asnB
fig|1358.57.peg.887",mutM
fig|1358.57.peg.888",recA
fig|1358.57.peg.889",ydgB
fig|1358.57.peg.890",ydgC
fig|1358.57.peg.891",ydgD
fig|1358.57.peg.892",ydgE
fig|1358.57.peg.893",ydgG
fig|1358.57.peg.895",ydgH
fig|1358.57.peg.896",ydgI
fig|1358.57.peg.897",ppnK
fig|1358.57.peg.898",rluE
fig|1358.57.peg.899",ppiA
fig|1358.57.peg.900",lysQ
fig|1358.57.peg.901",ydhB
fig|1358.57.peg.902",ydhC
fig|1358.57.peg.903",lysS
fig|1358.57.peg.904",rlrG
fig|1358.57.peg.905",ydhF
fig|1358.57.peg.906",ldhB
fig|1358.57.peg.907",rlrD
fig|1358.57.peg.908",ydiA
fig|1358.57.peg.909",thiI
fig|1358.57.peg.910",ydiC
fig|1358.57.peg.912",ydiE
fig|1358.57.peg.913",ydiF
fig|1358.57.peg.914",ydiG
fig|1358.57.peg.915",tyrS
fig|1358.57.peg.917",pepA
fig|1358.57.peg.918",ydjB
fig|1358.57.peg.919",trxH
fig|1358.57.peg.920",ydjD
fig|1358.57.peg.921",noxE
fig|1358.57.peg.922",ssbA
fig|1358.57.peg.923",groS
fig|1358.57.peg.924",groL
fig|1358.57.peg.925",yeaA
fig|1358.57.peg.926",kinC
fig|1358.57.peg.927",llrC
fig|1358.57.peg.929",holB
fig|1358.57.peg.930",yeaC
fig|1358.57.peg.931",yeaD
fig|1358.57.peg.932",yeaE
fig|1358.57.peg.934",yeaG
fig|1358.57.peg.935",yeaH
fig|1358.57.peg.938",sodA
fig|1358.57.peg.69",cstA
fig|1358.57.peg.72",rheB
fig|1358.57.peg.73",yebE
fig|1358.57.peg.75",yebF
fig|1358.57.peg.76",ptcB
fig|1358.57.peg.77",ptcA
fig|1358.57.peg.78",yecA
fig|1358.57.peg.79",ptcC
fig|1358.57.peg.80",celA
fig|1358.57.peg.81",yjfB
fig|1358.57.peg.82",ligA
fig|1358.57.peg.83",yecE
fig|1358.57.peg.84",msmK
fig|1358.57.peg.85",nifJ
fig|1358.57.peg.86",yedA
fig|1358.57.peg.87",yedB
fig|1358.57.peg.88",glmM
fig|1358.57.peg.89",rgrA
fig|1358.57.peg.91",yedF
fig|1358.57.peg.93",pgmB
fig|1358.57.peg.94",yeeB
fig|1358.57.peg.95",yeeC
fig|1358.57.peg.96",yeeE
fig|1358.57.peg.97",yeeF
fig|1358.57.peg.98",yeeG
fig|1358.57.peg.99",truA
fig|1358.57.peg.100",thiD
fig|1358.57.peg.101",yeiE
fig|1358.57.peg.102",yeiF
fig|1358.57.peg.103",yeiG
fig|1358.57.peg.105",pyrG
fig|1358.57.peg.107",yejC
fig|1358.57.peg.109",yejD
fig|1358.57.peg.110",yejE
fig|1358.57.peg.111",dukA
fig|1358.57.peg.112",dnaE
fig|1358.57.peg.114",yejH
fig|1358.57.peg.115",yejI
fig|1358.57.peg.116",yejJ
fig|1358.57.peg.117",yfaA
fig|1358.57.peg.119",yfbM
fig|1358.57.peg.121",adaA
fig|1358.57.peg.122",yfcA
fig|1358.57.peg.123",yfcB
fig|1358.57.peg.124",yfcC
fig|1358.57.peg.125",yfcD
fig|1358.57.peg.126",nifZ
fig|1358.57.peg.127",yfcF
fig|1358.57.peg.128",yfcG
fig|1358.57.peg.129",cycM
fig|1358.57.peg.130",acmD
fig|1358.57.peg.131",yfcI
fig|1358.57.peg.132",ponA
fig|1358.57.peg.133",recU
fig|1358.57.peg.134",yfdB
fig|1358.57.peg.136",yfdD
fig|1358.57.peg.137",yfdE
fig|1358.57.peg.1433",dnaG
fig|1358.57.peg.1434",rpoD
fig|1358.57.peg.1435",yfeA
fig|1358.57.peg.1436",glpT
fig|1358.57.peg.1437",yffA
fig|1358.57.peg.1438",clpE
fig|1358.57.peg.1440",gapA
fig|1358.57.peg.1442",yffD
fig|1358.57.peg.1443",uvrB
fig|1358.57.peg.1444",gltS
fig|1358.57.peg.1445",argE
fig|1358.57.peg.1447",fabI
fig|1358.57.peg.1451",yfgH
fig|1358.57.peg.1452",yfgL
fig|1358.57.peg.1453",dfpA
fig|1358.57.peg.1454",dfpB
fig|1358.57.peg.1456",yfgQ
fig|1358.57.peg.1457",yfhA
fig|1358.57.peg.1458",yfhB
fig|1358.57.peg.1459",yfhC
fig|1358.57.peg.1460",crtK
fig|1358.57.peg.1461",yfhF
fig|1358.57.peg.1462",yfhG
fig|1358.57.peg.1463",yfhH
fig|1358.57.peg.1464",yfhJ
fig|1358.57.peg.1465",yfhK
fig|1358.57.peg.1466",yfhL
fig|1358.57.peg.1467",yfiA
fig|1358.57.peg.1468",umuC
fig|1358.57.peg.1469",yfiC
fig|1358.57.peg.1471",rmaJ
fig|1358.57.peg.1472",yfiE
fig|1358.57.peg.1473",yfiG
fig|1358.57.peg.1474",yfiH
fig|1358.57.peg.1475",prfA
fig|1358.57.peg.1476",yfiI
fig|1358.57.peg.1477",yfiJ
fig|1358.57.peg.1478",hemK
fig|1358.57.peg.1479",yfiL
fig|1358.57.peg.1480",yfjA
fig|1358.57.peg.1481",glyA
fig|1358.57.peg.1482",yfjB
fig|1358.57.peg.1483",serC
fig|1358.57.peg.1484",serA
fig|1358.57.peg.1485",serB
fig|1358.57.peg.1486",acyP
fig|1358.57.peg.1487",yfjD
fig|1358.57.peg.1489",yfjE
fig|1358.57.peg.1490",yfjF
fig|1358.57.peg.1492",pepM
fig|1358.57.peg.1494",ygaC
fig|1358.57.peg.1495",ygaD
fig|1358.57.peg.1496",ygaE
fig|1358.57.peg.1498",ptsK
fig|1358.57.peg.1500",ygaI
fig|1358.57.peg.1501",ygaJ
fig|1358.57.peg.1503",kup1
fig|1358.57.peg.1504",kup2
fig|1358.57.peg.1506",ygbB
fig|1358.57.peg.1507",miaA
fig|1358.57.peg.1508",ygbD
fig|1358.57.peg.1509",ygbE
fig|1358.57.peg.1510",ygbF
fig|1358.57.peg.1512",ygcA
fig|1358.57.peg.1513",recJ
fig|1358.57.peg.1515",rpoE
fig|1358.57.peg.1516",ygcC
fig|1358.57.peg.1517",greA
fig|1358.57.peg.1518",ctsR
fig|1358.57.peg.1519",clpC
fig|1358.57.peg.1520",ygdA
fig|1358.57.peg.1521",eno1
fig|1358.57.peg.1522",ygfA
fig|1358.57.peg.1523",ygfB
fig|1358.57.peg.1524",ygfC
fig|1358.57.peg.1525",fadD
fig|1358.57.peg.1526",ygfE
fig|1358.57.peg.1528",coaE
fig|1358.57.peg.1529",pmrA
fig|1358.57.peg.1532",pycA
fig|1358.57.peg.1533",gltA
fig|1358.57.peg.1534",citB
fig|1358.57.peg.1536",clpP
fig|1358.57.peg.1537",yghB
fig|1358.57.peg.1538",spxA
fig|1358.57.peg.1540",yghD
fig|1358.57.peg.1541",pacL
fig|1358.57.peg.1542",yghG
fig|1358.57.peg.1543",icaA
fig|1358.57.peg.1544",icaB
fig|1358.57.peg.1545",icaC
fig|1358.57.peg.1546",brnQ
fig|1358.57.peg.1547",ygiG
fig|1358.57.peg.1551",ptbA
fig|1358.57.peg.1552",scrK
fig|1358.57.peg.1823",ltrA
fig|1358.57.peg.1824",mobD
fig|1358.57.peg.1827",repX
fig|1358.57.peg.1834",parA
fig|1358.57.peg.1837",umuC
fig|1358.57.peg.1839",hsdR
fig|1358.57.peg.2238",repB
fig|1358.57.peg.2240",hsdR
fig|1358.57.peg.2241",hsdM
fig|1358.57.peg.410",ygiI
fig|1358.57.peg.411",ygiJ
fig|1358.57.peg.412",rnmV
fig|1358.57.peg.413",rsmA
fig|1358.57.peg.414",pepP
fig|1358.57.peg.416",ygjB
fig|1358.57.peg.417",nusB
fig|1358.57.peg.418",malQ
fig|1358.57.peg.419",glgC
fig|1358.57.peg.420",glgD
fig|1358.57.peg.421",glgA
fig|1358.57.peg.422",glgP
fig|1358.57.peg.424",cydA
fig|1358.57.peg.425",cydB
fig|1358.57.peg.427",cydC
fig|1358.57.peg.428",cydD
fig|1358.57.peg.430",rmaB
fig|1358.57.peg.431",yhbE
fig|1358.57.peg.432",yhbF
fig|1358.57.peg.433",lmrA
fig|1358.57.peg.434",yhbH
fig|1358.57.peg.436",yhcA
fig|1358.57.peg.438",yhcB
fig|1358.57.peg.440",yhcE
fig|1358.57.peg.441",yhcG
fig|1358.57.peg.443",yhcI
fig|1358.57.peg.446",yhdB
fig|1358.57.peg.447",menE
fig|1358.57.peg.448",menB
fig|1358.57.peg.450",menX
fig|1358.57.peg.451",menD
fig|1358.57.peg.453",yhdC
fig|1358.57.peg.454",yheA
fig|1358.57.peg.455",yheB
fig|1358.57.peg.457",yheD
fig|1358.57.peg.458",yheE
fig|1358.57.peg.459",floL
fig|1358.57.peg.460",thrA
fig|1358.57.peg.461",yhfA
fig|1358.57.peg.462",yhfB
fig|1358.57.peg.463",rplI
fig|1358.57.peg.464",dnaC
fig|1358.57.peg.465",yhfC
fig|1358.57.peg.466",yhfD
fig|1358.57.peg.467",trmB
fig|1358.57.peg.468",nrdR
fig|1358.57.peg.469",dnaB
fig|1358.57.peg.470",dnaI
fig|1358.57.peg.471",yhgA
fig|1358.57.peg.472",yhgB
fig|1358.57.peg.473",engA
fig|1358.57.peg.940",yhgE
fig|1358.57.peg.941",yhhA
fig|1358.57.peg.942",yhhB
fig|1358.57.peg.943",yhhC
fig|1358.57.peg.944",lrgA
fig|1358.57.peg.945",rimP
fig|1358.57.peg.946",nusA
fig|1358.57.peg.947",yhhG
fig|1358.57.peg.948",ylxQ
fig|1358.57.peg.949",infB
fig|1358.57.peg.950",rbfA
fig|1358.57.peg.951",manA
fig|1358.57.peg.952",rmaG
fig|1358.57.peg.953",fabH
fig|1358.57.peg.955",fabD
fig|1358.57.peg.957",fabF
fig|1358.57.peg.958",accB
fig|1358.57.peg.961",accC
fig|1358.57.peg.962",accD
fig|1358.57.peg.963",accA
fig|1358.57.peg.969",celB
fig|1358.57.peg.972",cysK
fig|1358.57.peg.974",yhjB
fig|1358.57.peg.975",yhjC
fig|1358.57.peg.976",noxC
fig|1358.57.peg.977",yhjE
fig|1358.57.peg.978",yhjF
fig|1358.57.peg.980",rdrA
fig|1358.57.peg.981",yhjG
fig|1358.57.peg.982",exoA
fig|1358.57.peg.983",metS
fig|1358.57.peg.985",yiaB
fig|1358.57.peg.987",yiaC
fig|1358.57.peg.989",yiaD
fig|1358.57.peg.990",argC
fig|1358.57.peg.991",argJ
fig|1358.57.peg.992",argD
fig|1358.57.peg.993",argB
fig|1358.57.peg.994",argF
fig|1358.57.peg.997",yibC
fig|1358.57.peg.998",yibD
fig|1358.57.peg.999",yibE
fig|1358.57.peg.1000",yibF
fig|1358.57.peg.1001",yibG
fig|1358.57.peg.1002",yicB
fig|1358.57.peg.1003",yicC
fig|1358.57.peg.1004",ftsY
fig|1358.57.peg.1005",prsA
fig|1358.57.peg.1006",yicE
fig|1358.57.peg.1007",leuS
fig|1358.57.peg.1008",yidA
fig|1358.57.peg.1009",yidB
fig|1358.57.peg.1010",yidC
fig|1358.57.peg.1012",yidE
fig|1358.57.peg.1013",noxA
fig|1358.57.peg.1014",noxB
fig|1358.57.peg.1015",sdaB
fig|1358.57.peg.1016",sdaA
fig|1358.57.peg.1017",copR
fig|1358.57.peg.1019",copA
fig|1358.57.peg.1021",yieH
fig|1358.57.peg.1022",yifA
fig|1358.57.peg.1023",mnmA
fig|1358.57.peg.620",rpsA
fig|1358.57.peg.626",uvrC
fig|1358.57.peg.627",mutY
fig|1358.57.peg.628",pepV
fig|1358.57.peg.629",acpS
fig|1358.57.peg.631",yigC
fig|1358.57.peg.632",gshR
fig|1358.57.peg.633",choQ
fig|1358.57.peg.634",choS
fig|1358.57.peg.2105",ycdJ
fig|1358.57.peg.2108",copB
fig|1358.57.peg.2110",folD
fig|1358.57.peg.2111",xseA
fig|1358.57.peg.2113",yihF
fig|1358.57.peg.2114",ispA
fig|1358.57.peg.2115",yiiB
fig|1358.57.peg.2116",ahrC
fig|1358.57.peg.2117",RecN
fig|1358.57.peg.2118",yiiE
fig|1358.57.peg.2119",yiiF
fig|1358.57.peg.2120",yiiG
fig|1358.57.peg.2121",rsmH
fig|1358.57.peg.2122",yiiI
fig|1358.57.peg.2123",pbpX
fig|1358.57.peg.2124",mraY
fig|1358.57.peg.2127",yijC
fig|1358.57.peg.2128",yijD
fig|1358.57.peg.2129",mleR
fig|1358.57.peg.2130",yijE
fig|1358.57.peg.2131",rplS
fig|1358.57.peg.2445",yijG
fig|1358.57.peg.2446",yijH
fig|1358.57.peg.2449",xylR
fig|1358.57.peg.2450",hslB
fig|1358.57.peg.2452",yjaE
fig|1358.57.peg.2456",yjaJ
fig|1358.57.peg.2457",rpsN
fig|1358.57.peg.2458",yjbB
fig|1358.57.peg.2459",kinD
fig|1358.57.peg.2460",llrD
fig|1358.57.peg.2461",yjbC
fig|1358.57.peg.2462",ppiB
fig|1358.57.peg.2464",isp2
fig|1358.57.peg.2465",rodA
fig|1358.57.peg.2466",butB
fig|1358.57.peg.2467",butA
fig|1358.57.peg.2469",yjcA
fig|1358.57.peg.2471",mleS
fig|1358.57.peg.2472",mleP
fig|1358.57.peg.2473",yjcD
fig|1358.57.peg.2474",yjcE
fig|1358.57.peg.2475",yjcF
fig|1358.57.peg.2476",gyrB
fig|1358.57.peg.2478",yjdA
fig|1358.57.peg.2479",yjdB
fig|1358.57.peg.2480",yjdC
fig|1358.57.peg.2481",yjdE
fig|1358.57.peg.2482",yjdF
fig|1358.57.peg.2226",yjcD
fig|1358.57.peg.1795",epsA
fig|1358.57.peg.1796",epsB
fig|1358.57.peg.1797",epsC
fig|1358.57.peg.2141",tagF
fig|1358.57.peg.2142",tagB
fig|1358.57.peg.2143",yjfE
fig|1358.57.peg.2144",deoB
fig|1358.57.peg.2145",yjfG
fig|1358.57.peg.2146",deoD
fig|1358.57.peg.2147",yjfI
fig|1358.57.peg.2148",yjfJ
fig|1358.57.peg.2150",yjgB
fig|1358.57.peg.2151",yjgC
fig|1358.57.peg.2152",yjgD
fig|1358.57.peg.2153",yjgE
fig|1358.57.peg.2156",secG
fig|1358.57.peg.2157",rnr1
fig|1358.57.peg.2158",yjgF
fig|1358.57.peg.2159",yjhA
fig|1358.57.peg.2160",yjhB
fig|1358.57.peg.2161",yjhC
fig|1358.57.peg.2164",yjhE
fig|1358.57.peg.2165",yjhF
fig|1358.57.peg.2166",dacB
fig|1358.57.peg.2167",yjhH
fig|1358.57.peg.2168",hrcA
fig|1358.57.peg.2169",grpE
fig|1358.57.peg.2170",dnaK
fig|1358.57.peg.2171",mycA
fig|1358.57.peg.2173",yjiB
fig|1358.57.peg.2174",lacR
fig|1358.57.peg.2175",lacC
fig|1358.57.peg.2177",clsA
fig|1358.57.peg.2178",yjiE
fig|1358.57.peg.2179",yjiF
fig|1358.57.peg.2180",whiA
fig|1358.57.peg.2182",yjjC
fig|1358.57.peg.2183",yjjD
fig|1358.57.peg.2184",yjjE
fig|1358.57.peg.2185",yjjF
fig|1358.57.peg.2186",yjjG
fig|1358.57.peg.2187",yjjH
fig|1358.57.peg.2188",prfB
fig|1358.57.peg.2189",ftsE
fig|1358.57.peg.2190",ftsX
fig|1358.57.peg.2191",nrdF
fig|1358.57.peg.2192",nrdE
fig|1358.57.peg.2193",nrdI
fig|1358.57.peg.2195",plsY
fig|1358.57.peg.2196",parE
fig|1358.57.peg.2197",ykaF
fig|1358.57.peg.2198",dnaQ
fig|1358.57.peg.2199",ykbA
fig|1358.57.peg.2200",parC
fig|1358.57.peg.2201",ybkB
fig|1358.57.peg.2202",ribG
fig|1358.57.peg.2203",ribB
fig|1358.57.peg.2204",ribA
fig|1358.57.peg.2205",ribH
fig|1358.57.peg.2206",lspA
fig|1358.57.peg.2207",rluD
fig|1358.57.peg.2208",ykcE
fig|1358.57.peg.2210",ykcG
fig|1358.57.peg.2211",llrE
fig|1358.57.peg.2212",ykdA
fig|1358.57.peg.2213",kinE
fig|1358.57.peg.2214",ykdB
fig|1358.57.peg.2215",glmS
fig|1358.57.peg.2216",radC
fig|1358.57.peg.241",ykhE
fig|1358.57.peg.242",ykhF
fig|1358.57.peg.243",ykhI
fig|1358.57.peg.244",ykhK
fig|1358.57.peg.247",pyrE
fig|1358.57.peg.248",pyrC
fig|1358.57.peg.251",dnaD
fig|1358.57.peg.253",ykiC
fig|1358.57.peg.255",ykiE
fig|1358.57.peg.256",ykiF
fig|1358.57.peg.257",ykiG
fig|1358.57.peg.258",ykiH
fig|1358.57.peg.259",ykiI
fig|1358.57.peg.260",rplU
fig|1358.57.peg.261",ykjA
fig|1358.57.peg.262",rpmA
fig|1358.57.peg.263",mntH
fig|1358.57.peg.264",phoL
fig|1358.57.peg.265",ykjE
fig|1358.57.peg.266",ybeY
fig|1358.57.peg.267",dgkA
fig|1358.57.peg.268",ykjH
fig|1358.57.peg.271",ykjI
fig|1358.57.peg.272",ykjJ
fig|1358.57.peg.273",ykjK
fig|1358.57.peg.274",nucA
fig|1358.57.peg.275",glyQ
fig|1358.57.peg.276",glyS
fig|1358.57.peg.277",ylaC
fig|1358.57.peg.278",ylaD
fig|1358.57.peg.279",nadD
fig|1358.57.peg.280",ylaF
fig|1358.57.peg.281",ylaG
fig|1358.57.peg.282",nadE
fig|1358.57.peg.283",ylbA
fig|1358.57.peg.284",ylbB
fig|1358.57.peg.285",cobQ
fig|1358.57.peg.286",ylbD
fig|1358.57.peg.287",aldC
fig|1358.57.peg.288",lepA
fig|1358.57.peg.289",ylbE
fig|1358.57.peg.290",ylcA
fig|1358.57.peg.291",gyrA
fig|1358.57.peg.292",apbE
fig|1358.57.peg.293",ylcC
fig|1358.57.peg.295",ylcF
fig|1358.57.peg.296",ylcG
fig|1358.57.peg.297",yldA
fig|1358.57.peg.298",pcrA
fig|1358.57.peg.299",mutX
fig|1358.57.peg.301",yldC
fig|1358.57.peg.302",frdC
fig|1358.57.peg.303",yldE
fig|1358.57.peg.304",truB
fig|1358.57.peg.305",ribC
fig|1358.57.peg.306",ldhX
fig|1358.57.peg.307",yleB
fig|1358.57.peg.308",murQ
fig|1358.57.peg.309",yleD
fig|1358.57.peg.310",yleF
fig|1358.57.peg.311",tpiA
fig|1358.57.peg.312",pacA
fig|1358.57.peg.313",ylfA
fig|1358.57.peg.314",ylfB
fig|1358.57.peg.315",ylfC
fig|1358.57.peg.316",hemN
fig|1358.57.peg.317",ylfD
fig|1358.57.peg.318",dcdA
fig|1358.57.peg.320",ylfH
fig|1358.57.peg.321",ylfI
fig|1358.57.peg.322",guaC
fig|1358.57.peg.324",pbuX
fig|1358.57.peg.325",ylgB
fig|1358.57.peg.326",ylgC
fig|1358.57.peg.327",folA
fig|1358.57.peg.329",clpX
fig|1358.57.peg.330",engB
fig|1358.57.peg.331",folB
fig|1358.57.peg.333",folP
fig|1358.57.peg.334",folQ
fig|1358.57.peg.336",dukB
fig|1358.57.peg.338",thrB
fig|1358.57.peg.339",ylhB
fig|1358.57.peg.340",murB
fig|1358.57.peg.342",potA
fig|1358.57.peg.343",potB
fig|1358.57.peg.344",potC
fig|1358.57.peg.345",potD
fig|1358.57.peg.346",yliA
fig|1358.57.peg.347",yliB
fig|1358.57.peg.349",yliE
fig|1358.57.peg.350",yliF
fig|1358.57.peg.352",clsB
fig|1358.57.peg.353",yliI
fig|1358.57.peg.354",nanE
fig|1358.57.peg.357",yljF
fig|1358.57.peg.358",yljG
fig|1358.57.peg.359",yljI
fig|1358.57.peg.360",yljJ
fig|1358.57.peg.362",kdpD
fig|1358.57.peg.363",kdpE
fig|1358.57.peg.364",kdpA
fig|1358.57.peg.365",kdpB
fig|1358.57.peg.366",kdpC
fig|1358.57.peg.369",ymcE
fig|1358.57.peg.370",ymcF
fig|1358.57.peg.2526",rnr2
fig|1358.57.peg.2527",hisC
fig|1358.57.peg.2528",hisZ
fig|1358.57.peg.2529",hisG
fig|1358.57.peg.2530",hisD
fig|1358.57.peg.2532",hisB
fig|1358.57.peg.2533",ymdC
fig|1358.57.peg.2534",hisH
fig|1358.57.peg.2535",hisA
fig|1358.57.peg.2536",hisF
fig|1358.57.peg.2537",hisI
fig|1358.57.peg.2538",hisK
fig|1358.57.peg.2543",ymdE
fig|1358.57.peg.2544",leuA
fig|1358.57.peg.2545",leuB
fig|1358.57.peg.2547",leuC
fig|1358.57.peg.2548",leuD
fig|1358.57.peg.2549",ymeB
fig|1358.57.peg.2550",ilvD
fig|1358.57.peg.2551",ilvB
fig|1358.57.peg.2552",ilvH
fig|1358.57.peg.2553",ilvA
fig|1358.57.peg.2555",aldB
fig|1358.57.peg.2556",aldR
fig|1358.57.peg.2557",dprA
fig|1358.57.peg.2558",topA
fig|1358.57.peg.2560",xerS
fig|1358.57.peg.2562",xerS
fig|1358.57.peg.2566",ymgC
fig|1358.57.peg.2568",ymgC
fig|1358.57.peg.2569",rlrA
fig|1358.57.peg.2571",ypbB
fig|1358.57.peg.548",ymgG
fig|1358.57.peg.550",ymgI
fig|1358.57.peg.552",ymgK
fig|1358.57.peg.554",glpD
fig|1358.57.peg.555",glpK
fig|1358.57.peg.556",ymhA
fig|1358.57.peg.558",nhaP
fig|1358.57.peg.560",amyL
fig|1358.57.peg.561",lctO
fig|1358.57.peg.562",aroH
fig|1358.57.peg.563",metF
fig|1358.57.peg.564",metE
fig|1358.57.peg.565",ymiA
fig|1358.57.peg.566",mgtA
fig|1358.57.peg.567",dltD
fig|1358.57.peg.568",dltC
fig|1358.57.peg.569",dltB
fig|1358.57.peg.570",dltA
fig|1358.57.peg.572",thiE
fig|1358.57.peg.574",thiM
fig|1358.57.peg.575",ymjE
fig|1358.57.peg.577",ymjF
fig|1358.57.peg.578",ymhG
fig|1358.57.peg.579",rplL
fig|1358.57.peg.580",rplJ
fig|1358.57.peg.582",ynaB
fig|1358.57.peg.583",ynaC
fig|1358.57.peg.584",ynaD
fig|1358.57.peg.587",ynaE
fig|1358.57.peg.588",rluB
fig|1358.57.peg.589",scpB
fig|1358.57.peg.590",scpA
fig|1358.57.peg.591",ynbA
fig|1358.57.peg.592",ynbB
fig|1358.57.peg.593",ynbC
fig|1358.57.peg.594",ynbD
fig|1358.57.peg.595",murI
fig|1358.57.peg.596",ynbE
fig|1358.57.peg.597",lysA
fig|1358.57.peg.598",gltD
fig|1358.57.peg.599",gltB
fig|1358.57.peg.600",yncA
fig|1358.57.peg.601",bcaT
fig|1358.57.peg.603",gadB
fig|1358.57.peg.604",gadC
fig|1358.57.peg.605",gadR
fig|1358.57.peg.606",rnhB
fig|1358.57.peg.607",rbgA
fig|1358.57.peg.608",yndA
fig|1358.57.peg.609",yndB
fig|1358.57.peg.610",rdrB
fig|1358.57.peg.612",yndE
fig|1358.57.peg.613",yndF
fig|1358.57.peg.614",ynbG
fig|1358.57.peg.1865",yneB
fig|1358.57.peg.1867",yneD
fig|1358.57.peg.1868",yneE
fig|1358.57.peg.1875",yneF
fig|1358.57.peg.1876",arsD
fig|1358.57.peg.1877",yneH
fig|1358.57.peg.1878",pabB
fig|1358.57.peg.1879",pabA
fig|1358.57.peg.1884",mtsA
fig|1358.57.peg.1885",mtsC
fig|1358.57.peg.1886",mtsB
fig|1358.57.peg.1887",ynfC
fig|1358.57.peg.1890",sbcC
fig|1358.57.peg.1891",sbcD
fig|1358.57.peg.1892",panE
fig|1358.57.peg.1893",ynfG
fig|1358.57.peg.1895",ynfH
fig|1358.57.peg.1896",yngA
fig|1358.57.peg.1897",yngB
fig|1358.57.peg.1898",rrmA
fig|1358.57.peg.1899",yngE
fig|1358.57.peg.1901",yngG
fig|1358.57.peg.1902",ldhA
fig|1358.57.peg.1904",pfkA
fig|1358.57.peg.1906",ynhC
fig|1358.57.peg.1907",ynhD
fig|1358.57.peg.1908",gpsA
fig|1358.57.peg.1909",hasC
fig|1358.57.peg.1911",ynhH
fig|1358.57.peg.1912",ynhI
fig|1358.57.peg.1913",ispB
fig|1358.57.peg.1914",gidB
fig|1358.57.peg.1915",yniC
fig|1358.57.peg.1916",pyrF
fig|1358.57.peg.1918",pyrZ
fig|1358.57.peg.1553",yniG
fig|1358.57.peg.1554",yniH
fig|1358.57.peg.1555",yniI
fig|1358.57.peg.1556",yniJ
fig|1358.57.peg.1557",rluC
fig|1358.57.peg.1558",ynjC
fig|1358.57.peg.1564",ynjG
fig|1358.57.peg.1565",ynjJ
fig|1358.57.peg.1566",carB
fig|1358.57.peg.1568",acmC
fig|1358.57.peg.1569",yoaB
fig|1358.57.peg.1571",yoaH
fig|1358.57.peg.1572",yoaI
fig|1358.57.peg.1574",yobA
fig|1358.57.peg.1576",arsC
fig|1358.57.peg.1579",arsC
fig|1358.57.peg.9",yofM
fig|1358.57.peg.10",llrB
fig|1358.57.peg.11",kinB
fig|1358.57.peg.12",yogA
fig|1358.57.peg.13",rgrB
fig|1358.57.peg.14",bmpA
fig|1358.57.peg.16",deoC
fig|1358.57.peg.19",yogG
fig|1358.57.peg.20",coaA
fig|1358.57.peg.21",psiE
fig|1358.57.peg.22",yogJ
fig|1358.57.peg.23",yogL
fig|1358.57.peg.24",yogM
fig|1358.57.peg.25",ylfB
fig|1358.57.peg.26",yohC
fig|1358.57.peg.30",busR
fig|1358.57.peg.31",yohH
fig|1358.57.peg.32",yohJ
fig|1358.57.peg.33",yoiA
fig|1358.57.peg.36",bglH
fig|1358.57.peg.38",bglR
fig|1358.57.peg.39",trpA
fig|1358.57.peg.40",trpB
fig|1358.57.peg.41",trpF
fig|1358.57.peg.42",trpC
fig|1358.57.peg.43",trpD
fig|1358.57.peg.44",trpG
fig|1358.57.peg.45",trpE
fig|1358.57.peg.46",ypaA
fig|1358.57.peg.47",rmaC
fig|1358.57.peg.48",rmaC
fig|1358.57.peg.49",ypaC
fig|1358.57.peg.50",ypaD
fig|1358.57.peg.51",ypaE
fig|1358.57.peg.53",ypaG
fig|1358.57.peg.56",ypaI
fig|1358.57.peg.57",dxsA
fig|1358.57.peg.58",rmaE
fig|1358.57.peg.59",ypbB
fig|1358.57.peg.60",ypbC
fig|1358.57.peg.62",ypbD
fig|1358.57.peg.64",scrK
fig|1358.57.peg.65",ypbG
fig|1358.57.peg.66",ypcA
fig|1358.57.peg.67",ypcB
fig|1358.57.peg.1025",ypdD
fig|1358.57.peg.1027",xylT
fig|1358.57.peg.1028",xylX
fig|1358.57.peg.1029",xynB
fig|1358.57.peg.1030",xynT
fig|1358.57.peg.1031",xylM
fig|1358.57.peg.1032",xylB
fig|1358.57.peg.1033",xylA
fig|1358.57.peg.1034",xylR
fig|1358.57.peg.1035",purK
fig|1358.57.peg.1036",purE
fig|1358.57.peg.1037",purD
fig|1358.57.peg.1039",ypfE
fig|1358.57.peg.1042",ypfE
fig|1358.57.peg.1043",purH
fig|1358.57.peg.1045",hprT
fig|1358.57.peg.1046",ypgB
fig|1358.57.peg.1048",ypgD
fig|1358.57.peg.1049",purN
fig|1358.57.peg.1050",purM
fig|1358.57.peg.1051",clpB
fig|1358.57.peg.1052",ypgH
fig|1358.57.peg.1053",yphA
fig|1358.57.peg.1054",purF
fig|1358.57.peg.1055",purL
fig|1358.57.peg.1056",purQ
fig|1358.57.peg.1057",yphF
fig|1358.57.peg.1058",purC
fig|1358.57.peg.1059",yphH
fig|1358.57.peg.1060",yphI
fig|1358.57.peg.1061",yphJ
fig|1358.57.peg.1062",yphK
fig|1358.57.peg.1063",ypiA
fig|1358.57.peg.1064",ypiB
fig|1358.57.peg.1065",rmaI
fig|1358.57.peg.1066",thyA
fig|1358.57.peg.1067",ypiE
fig|1358.57.peg.1069",yihA
fig|1358.57.peg.1072",ycdJ
fig|1358.57.peg.385",yajH
fig|1358.57.peg.386",yqfA
fig|1358.57.peg.1147",ypjA
fig|1358.57.peg.1148",ypjB
fig|1358.57.peg.1149",ypjC
fig|1358.57.peg.1152",ypjF
fig|1358.57.peg.1154",ypjG
fig|1358.57.peg.1155",cmhR
fig|1358.57.peg.1156",ypjH
fig|1358.57.peg.1157",ypjI
fig|1358.57.peg.1160",yqaB
fig|1358.57.peg.1161",dapB
fig|1358.57.peg.1162",yqaC
fig|1358.57.peg.1163",yqaD
fig|1358.57.peg.1164",trmD
fig|1358.57.peg.1165",rimM
fig|1358.57.peg.1166",yqaG
fig|1358.57.peg.1167",hemH
fig|1358.57.peg.1168",yqbA
fig|1358.57.peg.1169",rpsP
fig|1358.57.peg.1170",mvaA
fig|1358.57.peg.1171",thiL
fig|1358.57.peg.1172",hmcM
fig|1358.57.peg.1173",nagB
fig|1358.57.peg.1174",yqbF
fig|1358.57.peg.1175",queA
fig|1358.57.peg.1176",yqbH
fig|1358.57.peg.1177",yqbI
fig|1358.57.peg.1178",yqbK
fig|1358.57.peg.1179",yqcA
fig|1358.57.peg.1180",yqcB
fig|1358.57.peg.1181",yqcC
fig|1358.57.peg.1182",yqcD
fig|1358.57.peg.1184",yqcF
fig|1358.57.peg.1186",obgE
fig|1358.57.peg.1188",murG
fig|1358.57.peg.1189",murD
fig|1358.57.peg.1191",glnB
fig|1358.57.peg.1192",amtB
fig|1358.57.peg.1193",kinA
fig|1358.57.peg.1194",llrA
fig|1358.57.peg.1195",yqdA
fig|1358.57.peg.1197",yqeA
fig|1358.57.peg.1198",yqeB
fig|1358.57.peg.1200",yqeD
fig|1358.57.peg.1202",carA
fig|1358.57.peg.1203",pyrB
fig|1358.57.peg.1204",pyrP
fig|1358.57.peg.1205",pyrR
fig|1358.57.peg.1207",rarA
fig|1358.57.peg.1208",yqeI
fig|1358.57.peg.1209",proA
fig|1358.57.peg.1210",proB
fig|1358.57.peg.1214",yqfD
fig|1358.57.peg.1215",yqfE
fig|1358.57.peg.1216",ygfF
fig|1358.57.peg.1218",yqfG
fig|1358.57.peg.1219",yqgA
fig|1358.57.peg.1220",yqgG
fig|1358.57.peg.1221",dapA
fig|1358.57.peg.1222",yqgC
fig|1358.57.peg.1224",yqgE
fig|1358.57.peg.1225",yqgF
fig|1358.57.peg.1231",kdgK
fig|1358.57.peg.1232",uxaC
fig|1358.57.peg.1233",yqhA
fig|1358.57.peg.1234",uxuT
fig|1358.57.peg.1235",uxuA
fig|1358.57.peg.1236",uxuB
fig|1358.57.peg.1237",uxuB
fig|1358.57.peg.1238",kdgR
fig|1358.57.peg.1239",yqiA
fig|1358.57.peg.1240",rbsB
fig|1358.57.peg.1241",rbsC
fig|1358.57.peg.1242",rbsA
fig|1358.57.peg.1243",rbsD
fig|1358.57.peg.1244",rbsK
fig|1358.57.peg.1245",rbsR
fig|1358.57.peg.1246",purB
fig|1358.57.peg.1247",aroD
fig|1358.57.peg.1249",trxA
fig|1358.57.peg.1251",yqjB
fig|1358.57.peg.1253",ccpA
fig|1358.57.peg.1254",pepQ
fig|1358.57.peg.1257",yqjE
fig|1358.57.peg.1258",yraB
fig|1358.57.peg.1259",holA
fig|1358.57.peg.1260",yraD
fig|1358.57.peg.1261",ftsK
fig|1358.57.peg.1262",yraE
fig|1358.57.peg.1263",yraF
fig|1358.57.peg.1264",eutD
fig|1358.57.peg.1266",yrbA
fig|1358.57.peg.1267",yrbB
fig|1358.57.peg.1268",yrbC
fig|1358.57.peg.1269",yrbD
fig|1358.57.peg.1274",yrbI
fig|1358.57.peg.1278",yrcB
fig|1358.57.peg.1279",dxsB
fig|1358.57.peg.1280",kinF
fig|1358.57.peg.1281",llrF
fig|1358.57.peg.1282",rliA
fig|1358.57.peg.1283",mapA
fig|1358.57.peg.1285",amyY
fig|1358.57.peg.1287",dexA
fig|1358.57.peg.1289",dexC
fig|1358.57.peg.1290",malE
fig|1358.57.peg.1291",malF
fig|1358.57.peg.1292",malG
fig|1358.57.peg.1293",yreA
fig|1358.57.peg.1294",yreB
fig|1358.57.peg.1295",yreC
fig|1358.57.peg.1296",yreD
fig|1358.57.peg.1298",yreE
fig|1358.57.peg.1299",yrfA
fig|1358.57.peg.1300",yrfB
fig|1358.57.peg.1302",yrfC
fig|1358.57.peg.1303",yrfD
fig|1358.57.peg.1304",ptcA
fig|1358.57.peg.1305",llrH
fig|1358.57.peg.1306",yrfE
fig|1358.57.peg.1308",yrgA
fig|1358.57.peg.1311",ptnC
fig|1358.57.peg.1312",ptnD
fig|1358.57.peg.1313",yrgE
fig|1358.57.peg.1314",yrgF
fig|1358.57.peg.1315",yrgG
fig|1358.57.peg.1316",serS
fig|1358.57.peg.1323",yrgH
fig|1358.57.peg.1324",yrgI
fig|1358.57.peg.1325",phoU
fig|1358.57.peg.1326",pstA
fig|1358.57.peg.1327",pstB
fig|1358.57.peg.1328",pstC
fig|1358.57.peg.1329",pstC
fig|1358.57.peg.1330",pstE
fig|1358.57.peg.1331",pstF
fig|1358.57.peg.1332",smpA
fig|1358.57.peg.1333",yrhH
fig|1358.57.peg.1334",alaS
fig|1358.57.peg.1336",yriA
fig|1358.57.peg.1337",pepF
fig|1358.57.peg.1338",coiA
fig|1358.57.peg.1339",yriB
fig|1358.57.peg.1340",yriC
fig|1358.57.peg.1343",yrjB
fig|1358.57.peg.1344",yrjC
fig|1358.57.peg.1345",yrjD
fig|1358.57.peg.1346",yrjE
fig|1358.57.peg.1347",yrjF
fig|1358.57.peg.1348",ytdE
fig|1358.57.peg.1351",recD
fig|1358.57.peg.1352",yrjI
fig|1358.57.peg.1353",pheA
fig|1358.57.peg.1354",aroK
fig|1358.57.peg.1355",aroA
fig|1358.57.peg.1356",tyrA
fig|1358.57.peg.1357",kinG
fig|1358.57.peg.1359",ysaA
fig|1358.57.peg.1360",ysaB
fig|1358.57.peg.1361",ysaC
fig|1358.57.peg.1363",ysaD
fig|1358.57.peg.1364",aroC
fig|1358.57.peg.1365",ysbA
fig|1358.57.peg.1366",ysbB
fig|1358.57.peg.1367",ysbC
fig|1358.57.peg.1368",aroB
fig|1358.57.peg.1369",aroE
fig|1358.57.peg.1371",ysbD
fig|1358.57.peg.1372",glnP
fig|1358.57.peg.1373",glnQ
fig|1358.57.peg.1377",atpC
fig|1358.57.peg.1378",atpD
fig|1358.57.peg.1380",atpG
fig|1358.57.peg.1381",atpA
fig|1358.57.peg.1382",atpH
fig|1358.57.peg.1386",yscE
fig|1358.57.peg.1389",ysdA
fig|1358.57.peg.1390",ysdB
fig|1358.57.peg.1391",ysdC
fig|1358.57.peg.1393",ysdE
fig|1358.57.peg.1394",tenA
fig|1358.57.peg.1396",yseA
fig|1358.57.peg.1398",fadA
fig|1358.57.peg.1399",yseD
fig|1358.57.peg.1402",yseE
fig|1358.57.peg.1403",sufB
fig|1358.57.peg.1406",nifU
fig|1358.57.peg.1407",yseH
fig|1358.57.peg.1408",yseI
fig|1358.57.peg.1409",sufD
fig|1358.57.peg.1410",sufC
fig|1358.57.peg.1411",ysfC
fig|1358.57.peg.1412",mecA
fig|1358.57.peg.1413",gltQ
fig|1358.57.peg.1414",gltP
fig|1358.57.peg.1415",ysfG
fig|1358.57.peg.1416",rpoC
fig|1358.57.peg.1418",rpoB
fig|1358.57.peg.1419",codZ
fig|1358.57.peg.1420",ysgA
fig|1358.57.peg.2591",pepF
fig|1358.57.peg.2582",oppF
fig|1358.57.peg.2583",oppB
fig|1358.57.peg.2584",oppC
fig|1358.57.peg.2585",oppA
fig|1358.57.peg.480",pepO
fig|1358.57.peg.1610",pepO
fig|1358.57.peg.1611",ysgB
fig|1358.57.peg.1613",ysgC
fig|1358.57.peg.1614",murE
fig|1358.57.peg.1617",adhA
fig|1358.57.peg.1618",RecQ
fig|1358.57.peg.1619",yshA
fig|1358.57.peg.1620",pepT
fig|1358.57.peg.1621",yshB
fig|1358.57.peg.1622",yshC
fig|1358.57.peg.1623",pflA
fig|1358.57.peg.1624",ysiA
fig|1358.57.peg.1625",ysiB
fig|1358.57.peg.1626",ysiC
fig|1358.57.peg.1627",ysiD
fig|1358.57.peg.1628",uvrA
fig|1358.57.peg.1629",ysiE
fig|1358.57.peg.1630",cobC
fig|1358.57.peg.1631",ysiG
fig|1358.57.peg.1632",ysjA
fig|1358.57.peg.1633",ysjB
fig|1358.57.peg.1634",ysjC
fig|1358.57.peg.1635",ysjD
fig|1358.57.peg.1636",ysjE
fig|1358.57.peg.1637",asnC
fig|1358.57.peg.1638",ysjG
fig|1358.57.peg.1639",aspB
fig|1358.57.peg.1640",ysjH
fig|1358.57.peg.1641",dinG
fig|1358.57.peg.1643",ytaA
fig|1358.57.peg.1644",ytaB
fig|1358.57.peg.1645",pacB
fig|1358.57.peg.1646",ytaD
fig|1358.57.peg.1647",oppA
fig|1358.57.peg.1648",oppC
fig|1358.57.peg.1649",oppB
fig|1358.57.peg.1650",oppF
fig|1358.57.peg.1652",rplT
fig|1358.57.peg.1654",infC
fig|1358.57.peg.1656",ytbA
fig|1358.57.peg.1657",ytbB
fig|1358.57.peg.1658",mnmG
fig|1358.57.peg.1659",ytbC
fig|1358.57.peg.1660",ytbD
fig|1358.57.peg.1661",mrnC
fig|1358.57.peg.1662",cysS
fig|1358.57.peg.1663",ytcA
fig|1358.57.peg.1664",cysE
fig|1358.57.peg.1666",pnpA
fig|1358.57.peg.1667",ytcC
fig|1358.57.peg.1668",prsB
fig|1358.57.peg.1669",ytcD
fig|1358.57.peg.1670",nifS
fig|1358.57.peg.1675",ileS
fig|1358.57.peg.1677",ytdB
fig|1358.57.peg.1678",ytdC
fig|1358.57.peg.1680",sepF
fig|1358.57.peg.1681",ytdF
fig|1358.57.peg.1682",ftsZ
fig|1358.57.peg.1683",ftsA
fig|1358.57.peg.1684",yteA
fig|1358.57.peg.1685",trmH
fig|1358.57.peg.1686",yteB
fig|1358.57.peg.1687",yteC
fig|1358.57.peg.1688",yteD
fig|1358.57.peg.1689",rlrB
fig|1358.57.peg.1690",rmeA
fig|1358.57.peg.1691",pepC
fig|1358.57.peg.1692",yteE
fig|1358.57.peg.1694",ytfA
fig|1358.57.peg.1695",ytfB
fig|1358.57.peg.1696",glmU
fig|1358.57.peg.1697",proC
fig|1358.57.peg.1698",rpsO
fig|1358.57.peg.1699",pknB
fig|1358.57.peg.1700",pppL
fig|1358.57.peg.1742",ssbB
fig|1358.57.peg.1758",ytgH
fig|1358.57.peg.1760",ytgA
fig|1358.57.peg.1763",yteG
fig|1358.57.peg.1764",ytgC
fig|1358.57.peg.1767",PriA
fig|1358.57.peg.1769",rpoZ
fig|1358.57.peg.1772",ytgG
fig|1358.57.peg.1773",metK
fig|1358.57.peg.1776",ythA
fig|1358.57.peg.1778",ythC
fig|1358.57.peg.1779",acmB
fig|1358.57.peg.1781",fbaA
fig|1358.57.peg.2289",ytiA
fig|1358.57.peg.2290",thrS
fig|1358.57.peg.2293",ytjA
fig|1358.57.peg.2294",mntA
fig|1358.57.peg.2295",ytjD
fig|1358.57.peg.2298",ytjE
fig|1358.57.peg.2301",metA
fig|1358.57.peg.2302",ytjF
fig|1358.57.peg.2303",ytjG
fig|1358.57.peg.2304",ytjH
fig|1358.57.peg.2305",yuaA
fig|1358.57.peg.2306",yuaB
fig|1358.57.peg.2308",yuaC
fig|1358.57.peg.2310",rsgA
fig|1358.57.peg.2311",yuaE
fig|1358.57.peg.2312",pheT
fig|1358.57.peg.2313",pheS
fig|1358.57.peg.2315",yucF
fig|1358.57.peg.2316",chiA
fig|1358.57.peg.2317",yucG
fig|1358.57.peg.2318",purA
fig|1358.57.peg.2319",yudA
fig|1358.57.peg.2321",yudB
fig|1358.57.peg.2322",yudC
fig|1358.57.peg.2323",yudD
fig|1358.57.peg.2324",yudE
fig|1358.57.peg.2325",yudF
fig|1358.57.peg.2326",hslO
fig|1358.57.peg.2327",yudH
fig|1358.57.peg.2328",yudI
fig|1358.57.peg.2330",yudJ
fig|1358.57.peg.2332",yudK
fig|1358.57.peg.2333",yudL
fig|1358.57.peg.2334",aspS
fig|1358.57.peg.2335",yueA
fig|1358.57.peg.2336",hisS
fig|1358.57.peg.2337",yueB
fig|1358.57.peg.2343",pgsA
fig|1358.57.peg.2344",yueD
fig|1358.57.peg.2345",yueE
fig|1358.57.peg.2346",yueF
fig|1358.57.peg.2347",yufA
fig|1358.57.peg.2348",recF
fig|1358.57.peg.2349",pcaC
fig|1358.57.peg.2352",galE
fig|1358.57.peg.2353",galT
fig|1358.57.peg.2354",galK
fig|1358.57.peg.2355",galM
fig|1358.57.peg.2356",lacS
fig|1358.57.peg.2357",yugA
fig|1358.57.peg.2358",yugB
fig|1358.57.peg.2359",nadR
fig|1358.57.peg.2360",yugC
fig|1358.57.peg.2361",yugD
fig|1358.57.peg.2364",yuhB
fig|1358.57.peg.2365",yuhC
fig|1358.57.peg.2366",yuhD
fig|1358.57.peg.2367",cutC
fig|1358.57.peg.2368",escB
fig|1358.57.peg.2369",ecsA
fig|1358.57.peg.2370",yuhH
fig|1358.57.peg.2371",yuhI
fig|1358.57.peg.2374",rplA
fig|1358.57.peg.2375",rplK
fig|1358.57.peg.2376",yuiA
fig|1358.57.peg.2377",rcfA
fig|1358.57.peg.2380",yuiC
fig|1358.57.peg.2381",yuiD
fig|1358.57.peg.2384",pyrH
fig|1358.57.peg.2385",yuiE
fig|1358.57.peg.2388",yujA
fig|1358.57.peg.2390",typA
fig|1358.57.peg.2391",yujB
fig|1358.57.peg.2392",yujD
fig|1358.57.peg.2393",yujE
fig|1358.57.peg.2394",yujF
fig|1358.57.peg.2396",yujG
fig|1358.57.peg.2399",yvaB
fig|1358.57.peg.2400",dpsA
fig|1358.57.peg.2401",comC
fig|1358.57.peg.2402",dinP
fig|1358.57.peg.2403",yvaD
fig|1358.57.peg.2405",arcT
fig|1358.57.peg.2409",arcB
fig|1358.57.peg.2410",arcA
fig|1358.57.peg.2411",argS
fig|1358.57.peg.2412",argR
fig|1358.57.peg.2414",murC
fig|1358.57.peg.2415",yvcA
fig|1358.57.peg.1929",yvcC
fig|1358.57.peg.1930",poxL
fig|1358.57.peg.1931",yvdA
fig|1358.57.peg.1932",yvdB
fig|1358.57.peg.1933",yvdC
fig|1358.57.peg.1935",pepX
fig|1358.57.peg.1936",yvdE
fig|1358.57.peg.1937",yvdF
fig|1358.57.peg.1938",gltX
fig|1358.57.peg.1939",yveA
fig|1358.57.peg.1940",yveB
fig|1358.57.peg.1941",yveC
fig|1358.57.peg.1942",yveD
fig|1358.57.peg.1943",yveE
fig|1358.57.peg.1944",yveF
fig|1358.57.peg.1945",yveG
fig|1358.57.peg.1946",pilT
fig|1358.57.peg.1947",yveI
fig|1358.57.peg.1948",radA
fig|1358.57.peg.1951",rplQ
fig|1358.57.peg.1952",rpoA
fig|1358.57.peg.1953",rpsK
fig|1358.57.peg.1954",rpsM
fig|1358.57.peg.1980",terL
fig|1358.57.peg.2012",secY
fig|1358.57.peg.2013",rplO
fig|1358.57.peg.2015",rpsE
fig|1358.57.peg.2016",rplR
fig|1358.57.peg.2017",rplF
fig|1358.57.peg.2018",rpsH
fig|1358.57.peg.2019",yvgA
fig|1358.57.peg.2021",rplE
fig|1358.57.peg.2022",rplX
fig|1358.57.peg.2023",rplN
fig|1358.57.peg.2024",rpsQ
fig|1358.57.peg.2026",rplP
fig|1358.57.peg.2027",rpsC
fig|1358.57.peg.2028",rplV
fig|1358.57.peg.2029",rpsS
fig|1358.57.peg.2030",rplB
fig|1358.57.peg.2031",rplW
fig|1358.57.peg.2032",rplD
fig|1358.57.peg.2033",rplC
fig|1358.57.peg.2034",rpsJ
fig|1358.57.peg.2035",mscL
fig|1358.57.peg.2036",yvhA
fig|1358.57.peg.2037",thrC
fig|1358.57.peg.2038",nusG
fig|1358.57.peg.2041",yvhB
fig|1358.57.peg.2043",yviA
fig|1358.57.peg.2044",yviB
fig|1358.57.peg.2045",yviC
fig|1358.57.peg.2046",rluA
fig|1358.57.peg.2047",zitP
fig|1358.57.peg.2048",zitQ
fig|1358.57.peg.2049",zitS
fig|1358.57.peg.2050",zitR
fig|1358.57.peg.2061",polC
fig|1358.57.peg.2062",yvjA
fig|1358.57.peg.2063",noxD
fig|1358.57.peg.2064",proS
fig|1358.57.peg.2065",yvjB
fig|1358.57.peg.2066",cdsA
fig|1358.57.peg.2067",uppS
fig|1358.57.peg.2068",ywaB
fig|1358.57.peg.2070",rlmH
fig|1358.57.peg.2071",htrA
fig|1358.57.peg.2072",ywaF
fig|1358.57.peg.2073",ywaG
fig|1358.57.peg.2075",ywaI
fig|1358.57.peg.2076",ywbA
fig|1358.57.peg.2077",polA
fig|1358.57.peg.2078",ywbB
fig|1358.57.peg.481",comX
fig|1358.57.peg.482",ezrA
fig|1358.57.peg.484",rpsB
fig|1358.57.peg.485",ywcC
fig|1358.57.peg.486",adhE
fig|1358.57.peg.487",ywdA
fig|1358.57.peg.489",ywdC
fig|1358.57.peg.491",yedD
fig|1358.57.peg.492",yedD
fig|1358.57.peg.493",ywdE
fig|1358.57.peg.494",ywdF
fig|1358.57.peg.495",coaD
fig|1358.57.peg.497",yweA
fig|1358.57.peg.498",lmrP
fig|1358.57.peg.500",yweC
fig|1358.57.peg.501",yweD
fig|1358.57.peg.502",yweE
fig|1358.57.peg.503",valS
fig|1358.57.peg.506",ywfA
fig|1358.57.peg.507",ywfB
fig|1358.57.peg.508",ywfC
fig|1358.57.peg.509",ywfD
fig|1358.57.peg.510",ywfE
fig|1358.57.peg.511",ywfF
fig|1358.57.peg.512",ywfG
fig|1358.57.peg.1074",gntP
fig|1358.57.peg.1075",gntK
fig|1358.57.peg.1076",gntZ
fig|1358.57.peg.1077",gntR
fig|1358.57.peg.1078",ywhA
fig|1358.57.peg.1079",ywhB
fig|1358.57.peg.1080",rpsR
fig|1358.57.peg.1081",ssbB
fig|1358.57.peg.1082",rpsF
fig|1358.57.peg.1083",uppP
fig|1358.57.peg.1084",lysP
fig|1358.57.peg.1085",dnaH
fig|1358.57.peg.1086",ywiA
fig|1358.57.peg.1087",ywiB
fig|1358.57.peg.1088",ywiC
fig|1358.57.peg.1089",ywiD
fig|1358.57.peg.1091",glnA
fig|1358.57.peg.1092",glnR
fig|1358.57.peg.1093",ptpL
fig|1358.57.peg.1095",ywiG
fig|1358.57.peg.1096",ywiH
fig|1358.57.peg.1098",ywiI
fig|1358.57.peg.1099",ruvB
fig|1358.57.peg.1101",ruvA
fig|1358.57.peg.1102",mutL
fig|1358.57.peg.1103",ywjA
fig|1358.57.peg.1104",mutS
fig|1358.57.peg.1105",ywjB
fig|1358.57.peg.1110",ywjF
fig|1358.57.peg.1111",ywjH
fig|1358.57.peg.1112",yxaA
fig|1358.57.peg.1116",yxaC
fig|1358.57.peg.1118",dnaJ
fig|1358.57.peg.1119",pspA
fig|1358.57.peg.1120",racD
fig|1358.57.peg.1121",yxbA
fig|1358.57.peg.1122",asnH
fig|1358.57.peg.1124",mreD
fig|1358.57.peg.1125",mreC
fig|1358.57.peg.1126",yxbC
fig|1358.57.peg.1127",rpiA
fig|1358.57.peg.1128",rcfB
fig|1358.57.peg.1129",yxbD
fig|1358.57.peg.1130",yxbE
fig|1358.57.peg.1132",yxcA
fig|1358.57.peg.1134",rsuA
fig|1358.57.peg.1135",yxcD
fig|1358.57.peg.1136",trmE
fig|1358.57.peg.1137",yxcE
fig|1358.57.peg.1138",recG
fig|1358.57.peg.1139",phnA
fig|1358.57.peg.1140",gapB
fig|1358.57.peg.1141",yxdB
fig|1358.57.peg.1142",yxdC
fig|1358.57.peg.1145",yxdG
fig|1358.57.peg.2427",rpsI
fig|1358.57.peg.2428",rplM
fig|1358.57.peg.2429",yxeA
fig|1358.57.peg.2430",yxeB
fig|1358.57.peg.2431",rnhA
fig|1358.57.peg.2432",sipL
fig|1358.57.peg.2433",PurR
fig|1358.57.peg.2434",fusA
fig|1358.57.peg.2435",rpsG
fig|1358.57.peg.2436",rpsL
fig|1358.57.peg.2437",dacA
fig|1358.57.peg.2438",yxfA
fig|1358.57.peg.2439",yxfB
fig|1358.57.peg.2440",yxfC
fig|1358.57.peg.2516",clpE
fig|1358.57.peg.2575",tnpR
fig|1358.57.peg.544",repB
fig|1358.57.peg.1850",ssbB
fig|1358.57.peg.1857",topB
fig|1358.57.peg.1860",parA
fig|1358.57.peg.2083",repB
fig|1358.57.peg.2093",pinR
fig|1358.57.peg.2094",lacR
fig|1358.57.peg.2096",lacA
fig|1358.57.peg.2097",lacB
fig|1358.57.peg.2098",lacC
fig|1358.57.peg.2100",lacF
fig|1358.57.peg.2101",lacE
fig|1358.57.peg.2102",lacG
fig|1358.57.peg.2103",lacX
fig|1358.57.peg.2104",mscL
fig|1358.57.peg.2217",repA
fig|1358.57.peg.2224",oxlT
fig|1358.57.peg.2424",repB
fig|1358.57.peg.2441",yuiA
fig|1358.57.peg.2488",repB
fig|1358.57.peg.2510",umuC
fig|1358.57.peg.2512",recA
fig|1358.57.peg.2588",vanZ
fig|1358.57.peg.2595",repB
fig|1358.57.peg.3",yuiA
fig|1358.57.peg.143",mntH
fig|1358.57.peg.378",ymjF
fig|1358.57.peg.517",umuC
fig|1358.57.peg.518",yfiA
fig|1358.57.peg.521",repA
fig|1358.57.peg.524",mobD
fig|1358.57.peg.617",umuC
fig|1358.57.peg.619",recA
fig|1358.57.peg.1563",cstA
fig|1358.57.peg.1922",ymgI
fig|1358.57.peg.1925",ymgG
fig|1358.57.peg.1928",ymgI
fig|1358.57.peg.167",mtlF
fig|1358.57.peg.203",parA
fig|1358.57.peg.206",ybaA
fig|1358.57.peg.395",yaiI
fig|1358.57.peg.403",yaiE
fig|1358.57.peg.2286",ybdA
fig|1358.57.peg.644",ybdI
fig|1358.57.peg.653",ybeD
fig|1358.57.peg.681",ybhB
fig|1358.57.peg.683",ybhD
fig|1358.57.peg.688",bglS
fig|1358.57.peg.695",ybiG
fig|1358.57.peg.731",guaB
fig|1358.57.peg.748",ycdF
fig|1358.57.peg.805",yciF
fig|1358.57.peg.816",yecA
fig|1358.57.peg.880",optD
fig|1358.57.peg.894",ydgF
fig|1358.57.peg.90",yedE
fig|1358.57.peg.1439",yffB
fig|1358.57.peg.1491",yfjG
fig|1358.57.peg.1493",ygaB
fig|1358.57.peg.1821",mobC
fig|1358.57.peg.442",yhcH
fig|1358.57.peg.452",menF
fig|1358.57.peg.474",yhgC
fig|1358.57.peg.475",yqbI
fig|1358.57.peg.984",yiaA
fig|1358.57.peg.622",llrE
fig|1358.57.peg.623",kinE
fig|1358.57.peg.2451",yjaD
fig|1358.57.peg.2454",yjaF
fig|1358.57.peg.2463",yjbE
fig|1358.57.peg.1793",yqbH
fig|1358.57.peg.1798",epsD
fig|1358.57.peg.1808",epsL
fig|1358.57.peg.1809",yjfE
fig|1358.57.peg.2163",yjhD
fig|1358.57.peg.2176",fruA
fig|1358.57.peg.2181",yjjB
fig|1358.57.peg.2209",ykcF
fig|1358.57.peg.254",ykiD
fig|1358.57.peg.294",ylcD
fig|1358.57.peg.335",folC
fig|1358.57.peg.356",yljE
fig|1358.57.peg.2531",ymdA
fig|1358.57.peg.559",ymhC
fig|1358.57.peg.602",mscS
fig|1358.57.peg.1905",nagA
fig|1358.57.peg.1570",yoaD
fig|1358.57.peg.34",yoiB
fig|1358.57.peg.35",yoiC
fig|1358.57.peg.37",ptbA
fig|1358.57.peg.63",guaA
fig|1358.57.peg.1038",ypfD
fig|1358.57.peg.1047",ypgC
fig|1358.57.peg.1206",yqeH
fig|1358.57.peg.1230",kdgA
fig|1358.57.peg.1255",yqjD
fig|1358.57.peg.1275",ubiE
fig|1358.57.peg.1335",pmpA
fig|1358.57.peg.1341",yriD
fig|1358.57.peg.1342",yrjA
fig|1358.57.peg.1358",llrG
fig|1358.57.peg.1383",atpF
fig|1358.57.peg.1384",atpB
fig|1358.57.peg.1397",yseB
fig|1358.57.peg.2581",optD
fig|1358.57.peg.1651",oppD
fig|1358.57.peg.1665",ytcB
fig|1358.57.peg.1671",ytcE
fig|1358.57.peg.1701",sunL
fig|1358.57.peg.2351",yufC
fig|1358.57.peg.496",ywdG
fig|1358.57.peg.1108",ywjE
fig|1358.57.peg.1133",yxcB
fig|1358.57.peg.1143",yxdD
fig|1358.57.peg.1144",yxdE
fig|1358.57.peg.1791",parA
fig|1358.57.peg.1843",mobA
fig|1358.57.peg.2099",lacD
fig|1358.57.peg.2218",parA
fig|1358.57.peg.525",mobC
fig|1358.57.peg.1831",repA
fig|1358.57.peg.1794",epsX
fig|1358.57.peg.1835",parB
fig|1358.57.peg.2236",mobB
fig|1358.57.peg.1826",repC
fig|1358.57.peg.155",pth
fig|1358.57.peg.156",mfd
fig|1358.57.peg.163",hpt
fig|1358.57.peg.215",dtd
fig|1358.57.peg.233",blt
fig|1358.57.peg.2245",ceo
fig|1358.57.peg.2264",pgm
fig|1358.57.peg.650",cbr
fig|1358.57.peg.661",tgt
fig|1358.57.peg.689",dut
fig|1358.57.peg.726",glf
fig|1358.57.peg.745",ung
fig|1358.57.peg.753",pgk
fig|1358.57.peg.771",fbp
fig|1358.57.peg.804",add
fig|1358.57.peg.825",tpx
fig|1358.57.peg.874",ddl
fig|1358.57.peg.885",era
fig|1358.57.peg.928",tmk
fig|1358.57.peg.937",fni
fig|1358.57.peg.113",hly
fig|1358.57.peg.118",hup
fig|1358.57.peg.120",ogt
fig|1358.57.peg.140",tig
fig|1358.57.peg.1441",def
fig|1358.57.peg.1499",lgt
fig|1358.57.peg.1502",gnd
fig|1358.57.peg.1511",rnz
fig|1358.57.peg.1514",apt
fig|1358.57.peg.1527",pfl
fig|1358.57.peg.1535",icd
fig|1358.57.peg.415",efp
fig|1358.57.peg.423",apu
fig|1358.57.peg.435",apl
fig|1358.57.peg.439",qor
fig|1358.57.peg.995",rnc
fig|1358.57.peg.996",smc
fig|1358.57.peg.1011",cpo
fig|1358.57.peg.624",udp
fig|1358.57.peg.630",alr
fig|1358.57.peg.2149",fhs
fig|1358.57.peg.240",rex
fig|1358.57.peg.252",nth
fig|1358.57.peg.300",tag
fig|1358.57.peg.323",xpt
fig|1358.57.peg.337",hom
fig|1358.57.peg.361",als
fig|1358.57.peg.2570",ceo
fig|1358.57.peg.1903",pyk
fig|1358.57.peg.1567",gpo
fig|1358.57.peg.15",cdd
fig|1358.57.peg.18",pdp
fig|1358.57.peg.52",fur
fig|1358.57.peg.1026",ptk
fig|1358.57.peg.1159",cca
fig|1358.57.peg.1223",asd
fig|1358.57.peg.1226",tkt
fig|1358.57.peg.1265",udk
fig|1358.57.peg.1276",pip
fig|1358.57.peg.1277",arb
fig|1358.57.peg.1284",agl
fig|1358.57.peg.1286",maa
fig|1358.57.peg.1307",cmk
fig|1358.57.peg.1392",bar
fig|1358.57.peg.1672",tuf
fig|1358.57.peg.1693",pfs
fig|1358.57.peg.1762",fmt
fig|1358.57.peg.1770",gmk
fig|1358.57.peg.1774",cfa
fig|1358.57.peg.2296",upp
fig|1358.57.peg.2297",nah
fig|1358.57.peg.2307",rpe
fig|1358.57.peg.2314",pdc
fig|1358.57.peg.2382",frr
fig|1358.57.peg.2398",glk
fig|1358.57.peg.2416",snf
fig|1358.57.peg.1934",gla
fig|1358.57.peg.2011",adk
fig|1358.57.peg.483",tsf
fig|1358.57.peg.499",pgi
fig|1358.57.peg.1114",zwf
fig|1358.57.peg.1606",dld
fig|1358.57.peg.1786",nah
fig|1358.57.peg.2419",amd
fig|1358.57.peg.142",usp
fig|1358.57.peg.379",ceo
fig|1358.57.peg.1822",mob
fig|1358.57.peg.1771",rny
fig|1358.57.peg.1971",b3
fig|1358.57.peg.401",-
fig|1358.57.peg.1588",-
fig|1358.57.peg.1589",-
fig|1358.57.peg.1590",-
fig|1358.57.peg.1596",-
fig|1358.57.peg.1599",-
fig|1358.57.peg.1601",-
fig|1358.57.peg.1602",-
fig|1358.57.peg.2257",-
fig|1358.57.peg.2259",-
fig|1358.57.peg.2260",-
fig|1358.57.peg.2267",-
fig|1358.57.peg.2268",-
fig|1358.57.peg.723",-
fig|1358.57.peg.724",-
fig|1358.57.peg.727",-
fig|1358.57.peg.729",-
fig|1358.57.peg.765",-
fig|1358.57.peg.106",-
fig|1358.57.peg.1816",-
fig|1358.57.peg.1817",-
fig|1358.57.peg.1829",-
fig|1358.57.peg.1832",-
fig|1358.57.peg.1841",-
fig|1358.57.peg.456",-
fig|1358.57.peg.2227",-
fig|1358.57.peg.557",-
fig|1358.57.peg.616",-
fig|1358.57.peg.1573",-
fig|1358.57.peg.1297",-
fig|1358.57.peg.1616",-
fig|1358.57.peg.2309",-
fig|1358.57.peg.2373",-
fig|1358.57.peg.2389",-
fig|1358.57.peg.1964",-
fig|1358.57.peg.1968",-
fig|1358.57.peg.1969",-
fig|1358.57.peg.1972",-
fig|1358.57.peg.1974",-
fig|1358.57.peg.1975",-
fig|1358.57.peg.1978",-
fig|1358.57.peg.1979",-
fig|1358.57.peg.1985",-
fig|1358.57.peg.2513",-
fig|1358.57.peg.2515",-
fig|1358.57.peg.1608",-
fig|1358.57.peg.1787",-
fig|1358.57.peg.1788",-
fig|1358.57.peg.2082",-
fig|1358.57.peg.2090",-
fig|1358.57.peg.2091",-
fig|1358.57.peg.2135",-
fig|1358.57.peg.2136",-
fig|1358.57.peg.2222",-
fig|1358.57.peg.2229",-
fig|1358.57.peg.2444",-
fig|1358.57.peg.2487",-
fig|1358.57.peg.2497",-
fig|1358.57.peg.2505",-
fig|1358.57.peg.2576",-
fig|1358.57.peg.2578",-
fig|1358.57.peg.2587",-
fig|1358.57.peg.2594",-
fig|1358.57.peg.236",-
fig|1358.57.peg.515",-
fig|1358.57.peg.1431",-
fig|1358.57.peg.1561",-
fig|1358.57.peg.1923",-
fig|1358.57.peg.397",-
fig|1358.57.peg.1592",-
fig|1358.57.peg.2261",-
fig|1358.57.peg.2274",-
fig|1358.57.peg.2282",-
fig|1358.57.peg.1815",-
fig|1358.57.peg.1830",-
fig|1358.57.peg.2235",-
fig|1358.57.peg.2228",-
fig|1358.57.peg.5",-
fig|1358.57.peg.2485",-
fig|1358.57.peg.2511",-
fig|1358.57.peg.2589",-
fig|1358.57.peg.2597",-
fig|1358.57.peg.1",-
fig|1358.57.peg.382",-
fig|1358.57.peg.618",-
fig|1358.57.peg.2275",-
fig|1358.57.peg.2271",-
fig|1358.57.peg.1995",-
fig|1358.57.peg.1996",-
fig|1358.57.peg.402",-
fig|1358.57.peg.372",-
fig|1358.57.peg.1607",-
fig|1358.57.peg.1789",-
fig|1358.57.peg.1709",-
fig|1358.57.peg.2486",-
fig|1358.57.peg.2256",-
fig|1358.57.peg.2577",-
fig|1358.57.peg.1748",-
fig|1358.57.peg.1993",-
fig|1358.57.peg.1833",-
